SampleID	geneID	count
D15.1N2T29	K00001	110
D15.1N2T29	K00002	14
D15.1N2T29	K00003	635
D15.1N2T29	K00004	0
D15.1N2T29	K00005	5
D15.1N2T29	K00007	0
D15.1N2T29	K00008	98
D15.1N2T29	K00009	7
D15.1N2T29	K00010	141
D15.1N2T29	K00012	5317
D15.1N2T29	K00013	840
D15.1N2T29	K00014	822
D15.1N2T29	K00015	11
D15.1N2T29	K00016	129
D15.1N2T29	K00018	643
D15.1N2T29	K00019	1
D15.1N2T29	K00020	18
D15.1N2T29	K00021	0
D15.1N2T29	K00023	0
D15.1N2T29	K00024	3431
D15.1N2T29	K00027	133
D15.1N2T29	K00029	3587
D15.1N2T29	K00030	9
D15.1N2T29	K00031	339
D15.1N2T29	K00032	0
D15.1N2T29	K00033	82
D15.1N2T29	K00034	0
D15.1N2T29	K00036	77
D15.1N2T29	K00038	0
D15.1N2T29	K00039	0
D15.1N2T29	K00040	79
D15.1N2T29	K00041	1017
D15.1N2T29	K00042	1
D15.1N2T29	K00043	0
D15.1N2T29	K00045	197
D15.1N2T29	K00046	1043
D15.1N2T29	K00048	797
D15.1N2T29	K00052	1144
D15.1N2T29	K00053	1430
D15.1N2T29	K00054	16
D15.1N2T29	K00055	0
D15.1N2T29	K00057	1703
D15.1N2T29	K00058	1441
D15.1N2T29	K00059	1890
D15.1N2T29	K00060	25
D15.1N2T29	K00064	0
D15.1N2T29	K00065	5
D15.1N2T29	K00066	224
D15.1N2T29	K00067	1904.5
D15.1N2T29	K00068	3
D15.1N2T29	K00073	1
D15.1N2T29	K00074	73
D15.1N2T29	K00075	588
D15.1N2T29	K00076	92
D15.1N2T29	K00077	123
D15.1N2T29	K00082	5
D15.1N2T29	K00086	4
D15.1N2T29	K00087	16
D15.1N2T29	K00088	3848
D15.1N2T29	K00090	1
D15.1N2T29	K00091	4
D15.1N2T29	K00094	0
D15.1N2T29	K00096	129
D15.1N2T29	K00097	1182
D15.1N2T29	K00098	0
D15.1N2T29	K00099	1863
D15.1N2T29	K00100	4
D15.1N2T29	K00101	0
D15.1N2T29	K00102	0
D15.1N2T29	K00104	19
D15.1N2T29	K00108	0
D15.1N2T29	K00111	1168
D15.1N2T29	K00112	131
D15.1N2T29	K00113	866
D15.1N2T29	K00116	2
D15.1N2T29	K00117	0
D15.1N2T29	K00121	1
D15.1N2T29	K00122	0
D15.1N2T29	K00123	228
D15.1N2T29	K00124	59
D15.1N2T29	K00127	31
D15.1N2T29	K00128	51
D15.1N2T29	K00130	4
D15.1N2T29	K00131	4
D15.1N2T29	K00132	2
D15.1N2T29	K00133	2321
D15.1N2T29	K00134	2689
D15.1N2T29	K00135	2
D15.1N2T29	K00137	0
D15.1N2T29	K00138	2
D15.1N2T29	K00140	24
D15.1N2T29	K00145	1285
D15.1N2T29	K00146	0
D15.1N2T29	K00147	1181
D15.1N2T29	K00148	0
D15.1N2T29	K00150	3
D15.1N2T29	K00151	0
D15.1N2T29	K00153	0
D15.1N2T29	K00154	2
D15.1N2T29	K00156	0
D15.1N6T29	K00001	447
D15.1N6T29	K00002	1
D15.1N6T29	K00003	664
D15.1N6T29	K00004	2
D15.1N6T29	K00005	78
D15.1N6T29	K00007	0
D15.1N6T29	K00008	118
D15.1N6T29	K00009	11
D15.1N6T29	K00010	14
D15.1N6T29	K00012	3337
D15.1N6T29	K00013	2033
D15.1N6T29	K00014	1059
D15.1N6T29	K00015	21
D15.1N6T29	K00016	566
D15.1N6T29	K00018	1426
D15.1N6T29	K00019	64
D15.1N6T29	K00020	125
D15.1N6T29	K00021	0
D15.1N6T29	K00023	0
D15.1N6T29	K00024	3317
D15.1N6T29	K00027	139
D15.1N6T29	K00029	3749
D15.1N6T29	K00030	32
D15.1N6T29	K00031	1202
D15.1N6T29	K00032	0
D15.1N6T29	K00033	1241
D15.1N6T29	K00034	0
D15.1N6T29	K00036	1233
D15.1N6T29	K00038	1
D15.1N6T29	K00039	0
D15.1N6T29	K00040	39
D15.1N6T29	K00041	1003
D15.1N6T29	K00042	0
D15.1N6T29	K00043	0
D15.1N6T29	K00045	177
D15.1N6T29	K00046	1499
D15.1N6T29	K00048	956
D15.1N6T29	K00052	2183
D15.1N6T29	K00053	2625
D15.1N6T29	K00054	24
D15.1N6T29	K00055	11
D15.1N6T29	K00057	2043
D15.1N6T29	K00058	1784
D15.1N6T29	K00059	2408
D15.1N6T29	K00060	4
D15.1N6T29	K00064	0
D15.1N6T29	K00065	47
D15.1N6T29	K00066	0
D15.1N6T29	K00067	2308
D15.1N6T29	K00068	3
D15.1N6T29	K00073	1
D15.1N6T29	K00074	120
D15.1N6T29	K00075	1583
D15.1N6T29	K00076	99
D15.1N6T29	K00077	1424
D15.1N6T29	K00082	0
D15.1N6T29	K00086	21
D15.1N6T29	K00087	53
D15.1N6T29	K00088	3970
D15.1N6T29	K00090	1
D15.1N6T29	K00091	1
D15.1N6T29	K00094	0
D15.1N6T29	K00096	590
D15.1N6T29	K00097	1560
D15.1N6T29	K00098	0
D15.1N6T29	K00099	2553
D15.1N6T29	K00100	15
D15.1N6T29	K00101	0
D15.1N6T29	K00102	13
D15.1N6T29	K00104	328
D15.1N6T29	K00108	0
D15.1N6T29	K00111	1630
D15.1N6T29	K00112	140
D15.1N6T29	K00113	618
D15.1N6T29	K00116	179
D15.1N6T29	K00117	1
D15.1N6T29	K00121	0
D15.1N6T29	K00122	0
D15.1N6T29	K00123	1608
D15.1N6T29	K00124	383
D15.1N6T29	K00127	284
D15.1N6T29	K00128	134
D15.1N6T29	K00130	3
D15.1N6T29	K00131	0
D15.1N6T29	K00132	0
D15.1N6T29	K00133	2243
D15.1N6T29	K00134	2746
D15.1N6T29	K00135	283
D15.1N6T29	K00137	0
D15.1N6T29	K00138	0
D15.1N6T29	K00140	4
D15.1N6T29	K00145	1983
D15.1N6T29	K00146	0
D15.1N6T29	K00147	2350
D15.1N6T29	K00148	1
D15.1N6T29	K00150	0
D15.1N6T29	K00151	0
D15.1N6T29	K00153	0
D15.1N6T29	K00154	142
D15.1N6T29	K00156	11
D16.1N1T29	K00001	801
D16.1N1T29	K00002	0
D16.1N1T29	K00003	297
D16.1N1T29	K00004	0
D16.1N1T29	K00005	46
D16.1N1T29	K00007	0
D16.1N1T29	K00008	145
D16.1N1T29	K00009	0
D16.1N1T29	K00010	34
D16.1N1T29	K00012	3017
D16.1N1T29	K00013	1782
D16.1N1T29	K00014	989
D16.1N1T29	K00015	16
D16.1N1T29	K00016	374
D16.1N1T29	K00018	1327
D16.1N1T29	K00019	4
D16.1N1T29	K00020	116
D16.1N1T29	K00021	0
D16.1N1T29	K00023	0
D16.1N1T29	K00024	3356
D16.1N1T29	K00027	73
D16.1N1T29	K00029	3803
D16.1N1T29	K00030	42
D16.1N1T29	K00031	1123
D16.1N1T29	K00032	0
D16.1N1T29	K00033	1339
D16.1N1T29	K00034	0
D16.1N1T29	K00036	1480
D16.1N1T29	K00038	0
D16.1N1T29	K00039	0
D16.1N1T29	K00040	53
D16.1N1T29	K00041	1296
D16.1N1T29	K00042	3
D16.1N1T29	K00043	0
D16.1N1T29	K00045	237
D16.1N1T29	K00046	1653
D16.1N1T29	K00048	1983
D16.1N1T29	K00052	1986
D16.1N1T29	K00053	2362
D16.1N1T29	K00054	15
D16.1N1T29	K00055	9
D16.1N1T29	K00057	1639
D16.1N1T29	K00058	1322
D16.1N1T29	K00059	2458
D16.1N1T29	K00060	9
D16.1N1T29	K00064	0
D16.1N1T29	K00065	27
D16.1N1T29	K00066	0
D16.1N1T29	K00067	1869
D16.1N1T29	K00068	0
D16.1N1T29	K00073	0
D16.1N1T29	K00074	80
D16.1N1T29	K00075	1544
D16.1N1T29	K00076	7
D16.1N1T29	K00077	1466
D16.1N1T29	K00082	0
D16.1N1T29	K00086	12
D16.1N1T29	K00087	26
D16.1N1T29	K00088	3766
D16.1N1T29	K00090	5
D16.1N1T29	K00091	0
D16.1N1T29	K00094	0
D16.1N1T29	K00096	770
D16.1N1T29	K00097	1693
D16.1N1T29	K00098	0
D16.1N1T29	K00099	2575
D16.1N1T29	K00100	10
D16.1N1T29	K00101	1
D16.1N1T29	K00102	9
D16.1N1T29	K00104	98
D16.1N1T29	K00108	0
D16.1N1T29	K00111	1572
D16.1N1T29	K00112	138
D16.1N1T29	K00113	466
D16.1N1T29	K00116	7
D16.1N1T29	K00117	0
D16.1N1T29	K00121	0
D16.1N1T29	K00122	0
D16.1N1T29	K00123	1552
D16.1N1T29	K00124	353
D16.1N1T29	K00127	284
D16.1N1T29	K00128	84
D16.1N1T29	K00130	0
D16.1N1T29	K00131	0
D16.1N1T29	K00132	0
D16.1N1T29	K00133	2189
D16.1N1T29	K00134	2543
D16.1N1T29	K00135	26
D16.1N1T29	K00137	0
D16.1N1T29	K00138	1
D16.1N1T29	K00140	1
D16.1N1T29	K00145	1964
D16.1N1T29	K00146	0
D16.1N1T29	K00147	2443
D16.1N1T29	K00148	0
D16.1N1T29	K00150	0
D16.1N1T29	K00151	0
D16.1N1T29	K00153	0
D16.1N1T29	K00154	7
D16.1N1T29	K00156	17
D16.1N2T29	K00001	116
D16.1N2T29	K00002	32
D16.1N2T29	K00003	894
D16.1N2T29	K00004	1
D16.1N2T29	K00005	35
D16.1N2T29	K00007	0
D16.1N2T29	K00008	280
D16.1N2T29	K00009	29
D16.1N2T29	K00010	224
D16.1N2T29	K00012	3961
D16.1N2T29	K00013	787
D16.1N2T29	K00014	704
D16.1N2T29	K00015	23
D16.1N2T29	K00016	400
D16.1N2T29	K00018	544
D16.1N2T29	K00019	5
D16.1N2T29	K00020	37
D16.1N2T29	K00021	0
D16.1N2T29	K00023	1
D16.1N2T29	K00024	2578
D16.1N2T29	K00027	487
D16.1N2T29	K00029	2534
D16.1N2T29	K00030	23
D16.1N2T29	K00031	585
D16.1N2T29	K00032	1
D16.1N2T29	K00033	90
D16.1N2T29	K00034	0
D16.1N2T29	K00036	46
D16.1N2T29	K00038	0
D16.1N2T29	K00039	0
D16.1N2T29	K00040	325
D16.1N2T29	K00041	1125
D16.1N2T29	K00042	19
D16.1N2T29	K00043	0
D16.1N2T29	K00045	163
D16.1N2T29	K00046	953
D16.1N2T29	K00048	701
D16.1N2T29	K00052	1128
D16.1N2T29	K00053	1436
D16.1N2T29	K00054	33
D16.1N2T29	K00055	3
D16.1N2T29	K00057	1503
D16.1N2T29	K00058	1639
D16.1N2T29	K00059	1814
D16.1N2T29	K00060	46
D16.1N2T29	K00064	0
D16.1N2T29	K00065	44
D16.1N2T29	K00066	105
D16.1N2T29	K00067	1474.5
D16.1N2T29	K00068	10
D16.1N2T29	K00073	4
D16.1N2T29	K00074	384
D16.1N2T29	K00075	724
D16.1N2T29	K00076	131
D16.1N2T29	K00077	178
D16.1N2T29	K00082	7
D16.1N2T29	K00086	5
D16.1N2T29	K00087	134
D16.1N2T29	K00088	3235
D16.1N2T29	K00090	5
D16.1N2T29	K00091	24
D16.1N2T29	K00094	0
D16.1N2T29	K00096	174
D16.1N2T29	K00097	879
D16.1N2T29	K00098	0
D16.1N2T29	K00099	1647
D16.1N2T29	K00100	19
D16.1N2T29	K00101	1
D16.1N2T29	K00102	2
D16.1N2T29	K00104	79
D16.1N2T29	K00108	2
D16.1N2T29	K00111	1000
D16.1N2T29	K00112	113
D16.1N2T29	K00113	672
D16.1N2T29	K00116	13
D16.1N2T29	K00117	0
D16.1N2T29	K00121	1
D16.1N2T29	K00122	0
D16.1N2T29	K00123	229
D16.1N2T29	K00124	38
D16.1N2T29	K00127	33
D16.1N2T29	K00128	144
D16.1N2T29	K00130	2
D16.1N2T29	K00131	2
D16.1N2T29	K00132	7
D16.1N2T29	K00133	2221
D16.1N2T29	K00134	2550
D16.1N2T29	K00135	25
D16.1N2T29	K00137	0
D16.1N2T29	K00138	1
D16.1N2T29	K00140	75
D16.1N2T29	K00145	1325
D16.1N2T29	K00146	0
D16.1N2T29	K00147	945
D16.1N2T29	K00148	0
D16.1N2T29	K00150	3
D16.1N2T29	K00151	0
D16.1N2T29	K00153	0
D16.1N2T29	K00154	4
D16.1N2T29	K00156	0
D16.1N3T29	K00001	531
D16.1N3T29	K00002	0
D16.1N3T29	K00003	626
D16.1N3T29	K00004	0
D16.1N3T29	K00005	43
D16.1N3T29	K00007	0
D16.1N3T29	K00008	34
D16.1N3T29	K00009	7
D16.1N3T29	K00010	4
D16.1N3T29	K00012	2439
D16.1N3T29	K00013	1994
D16.1N3T29	K00014	1126
D16.1N3T29	K00015	8
D16.1N3T29	K00016	605
D16.1N3T29	K00018	1548
D16.1N3T29	K00019	133
D16.1N3T29	K00020	68
D16.1N3T29	K00021	0
D16.1N3T29	K00023	0
D16.1N3T29	K00024	3180
D16.1N3T29	K00027	57
D16.1N3T29	K00029	4062
D16.1N3T29	K00030	27
D16.1N3T29	K00031	823
D16.1N3T29	K00032	0
D16.1N3T29	K00033	1751
D16.1N3T29	K00034	0
D16.1N3T29	K00036	1957
D16.1N3T29	K00038	1
D16.1N3T29	K00039	0
D16.1N3T29	K00040	42
D16.1N3T29	K00041	1413
D16.1N3T29	K00042	3
D16.1N3T29	K00043	0
D16.1N3T29	K00045	89
D16.1N3T29	K00046	1689
D16.1N3T29	K00048	1048
D16.1N3T29	K00052	2282
D16.1N3T29	K00053	2787
D16.1N3T29	K00054	62
D16.1N3T29	K00055	10
D16.1N3T29	K00057	1999
D16.1N3T29	K00058	1543
D16.1N3T29	K00059	4146
D16.1N3T29	K00060	4
D16.1N3T29	K00064	0
D16.1N3T29	K00065	24
D16.1N3T29	K00066	0
D16.1N3T29	K00067	2318.5
D16.1N3T29	K00068	0
D16.1N3T29	K00073	0
D16.1N3T29	K00074	70
D16.1N3T29	K00075	1650
D16.1N3T29	K00076	81
D16.1N3T29	K00077	1600
D16.1N3T29	K00082	0
D16.1N3T29	K00086	32
D16.1N3T29	K00087	8
D16.1N3T29	K00088	3859
D16.1N3T29	K00090	0
D16.1N3T29	K00091	0
D16.1N3T29	K00094	0
D16.1N3T29	K00096	139
D16.1N3T29	K00097	1933
D16.1N3T29	K00098	0
D16.1N3T29	K00099	2841
D16.1N3T29	K00100	6
D16.1N3T29	K00101	1
D16.1N3T29	K00102	4
D16.1N3T29	K00104	204
D16.1N3T29	K00108	1
D16.1N3T29	K00111	503
D16.1N3T29	K00112	26
D16.1N3T29	K00113	170
D16.1N3T29	K00116	180
D16.1N3T29	K00117	7
D16.1N3T29	K00121	0
D16.1N3T29	K00122	0
D16.1N3T29	K00123	1199
D16.1N3T29	K00124	225
D16.1N3T29	K00127	194
D16.1N3T29	K00128	52
D16.1N3T29	K00130	1
D16.1N3T29	K00131	0
D16.1N3T29	K00132	0
D16.1N3T29	K00133	2355
D16.1N3T29	K00134	2599
D16.1N3T29	K00135	469
D16.1N3T29	K00137	0
D16.1N3T29	K00138	1
D16.1N3T29	K00140	4
D16.1N3T29	K00145	2113
D16.1N3T29	K00146	0
D16.1N3T29	K00147	2566
D16.1N3T29	K00148	0
D16.1N3T29	K00150	0
D16.1N3T29	K00151	0
D16.1N3T29	K00153	1
D16.1N3T29	K00154	10
D16.1N3T29	K00156	5
D16.1N4T29	K00001	118
D16.1N4T29	K00002	22
D16.1N4T29	K00003	699
D16.1N4T29	K00004	0
D16.1N4T29	K00005	21
D16.1N4T29	K00007	0
D16.1N4T29	K00008	160
D16.1N4T29	K00009	19
D16.1N4T29	K00010	131
D16.1N4T29	K00012	4625
D16.1N4T29	K00013	894
D16.1N4T29	K00014	828
D16.1N4T29	K00015	27
D16.1N4T29	K00016	279
D16.1N4T29	K00018	685
D16.1N4T29	K00019	12
D16.1N4T29	K00020	36
D16.1N4T29	K00021	0
D16.1N4T29	K00023	0
D16.1N4T29	K00024	3242
D16.1N4T29	K00027	264
D16.1N4T29	K00029	3093
D16.1N4T29	K00030	17
D16.1N4T29	K00031	410
D16.1N4T29	K00032	0
D16.1N4T29	K00033	133
D16.1N4T29	K00034	1
D16.1N4T29	K00036	101
D16.1N4T29	K00038	0
D16.1N4T29	K00039	0
D16.1N4T29	K00040	102
D16.1N4T29	K00041	1206
D16.1N4T29	K00042	13
D16.1N4T29	K00043	0
D16.1N4T29	K00045	129
D16.1N4T29	K00046	1195
D16.1N4T29	K00048	792
D16.1N4T29	K00052	1289
D16.1N4T29	K00053	1461
D16.1N4T29	K00054	15
D16.1N4T29	K00055	5
D16.1N4T29	K00057	1609
D16.1N4T29	K00058	1494
D16.1N4T29	K00059	1901
D16.1N4T29	K00060	37
D16.1N4T29	K00064	0
D16.1N4T29	K00065	24
D16.1N4T29	K00066	177
D16.1N4T29	K00067	1866.5
D16.1N4T29	K00068	7
D16.1N4T29	K00073	3
D16.1N4T29	K00074	195
D16.1N4T29	K00075	869
D16.1N4T29	K00076	103
D16.1N4T29	K00077	164
D16.1N4T29	K00082	3
D16.1N4T29	K00086	5
D16.1N4T29	K00087	67
D16.1N4T29	K00088	3654
D16.1N4T29	K00090	2
D16.1N4T29	K00091	18
D16.1N4T29	K00094	0
D16.1N4T29	K00096	117
D16.1N4T29	K00097	1086
D16.1N4T29	K00098	0
D16.1N4T29	K00099	1915
D16.1N4T29	K00100	35
D16.1N4T29	K00101	0
D16.1N4T29	K00102	4
D16.1N4T29	K00104	82
D16.1N4T29	K00108	0
D16.1N4T29	K00111	1071
D16.1N4T29	K00112	143
D16.1N4T29	K00113	651
D16.1N4T29	K00116	17
D16.1N4T29	K00117	1
D16.1N4T29	K00121	0
D16.1N4T29	K00122	0
D16.1N4T29	K00123	352
D16.1N4T29	K00124	79
D16.1N4T29	K00127	47
D16.1N4T29	K00128	93
D16.1N4T29	K00130	1
D16.1N4T29	K00131	2
D16.1N4T29	K00132	4
D16.1N4T29	K00133	2422
D16.1N4T29	K00134	2960
D16.1N4T29	K00135	31
D16.1N4T29	K00137	0
D16.1N4T29	K00138	1
D16.1N4T29	K00140	44
D16.1N4T29	K00145	1232
D16.1N4T29	K00146	0
D16.1N4T29	K00147	1136
D16.1N4T29	K00148	0
D16.1N4T29	K00150	2
D16.1N4T29	K00151	0
D16.1N4T29	K00153	0
D16.1N4T29	K00154	14
D16.1N4T29	K00156	0
D16.1N5T29	K00001	119
D16.1N5T29	K00002	31
D16.1N5T29	K00003	665
D16.1N5T29	K00004	1
D16.1N5T29	K00005	26
D16.1N5T29	K00007	0
D16.1N5T29	K00008	170
D16.1N5T29	K00009	33
D16.1N5T29	K00010	134
D16.1N5T29	K00012	3611
D16.1N5T29	K00013	952
D16.1N5T29	K00014	866
D16.1N5T29	K00015	12
D16.1N5T29	K00016	281
D16.1N5T29	K00018	680
D16.1N5T29	K00019	6
D16.1N5T29	K00020	47
D16.1N5T29	K00021	0
D16.1N5T29	K00023	0
D16.1N5T29	K00024	2741
D16.1N5T29	K00027	362
D16.1N5T29	K00029	3136
D16.1N5T29	K00030	23
D16.1N5T29	K00031	448
D16.1N5T29	K00032	0
D16.1N5T29	K00033	231
D16.1N5T29	K00034	0
D16.1N5T29	K00036	157
D16.1N5T29	K00038	0
D16.1N5T29	K00039	0
D16.1N5T29	K00040	165
D16.1N5T29	K00041	1600
D16.1N5T29	K00042	9
D16.1N5T29	K00043	0
D16.1N5T29	K00045	113
D16.1N5T29	K00046	1085
D16.1N5T29	K00048	995
D16.1N5T29	K00052	1350
D16.1N5T29	K00053	1503
D16.1N5T29	K00054	16
D16.1N5T29	K00055	0
D16.1N5T29	K00057	1547
D16.1N5T29	K00058	1598
D16.1N5T29	K00059	1823
D16.1N5T29	K00060	55
D16.1N5T29	K00064	0
D16.1N5T29	K00065	14
D16.1N5T29	K00066	149
D16.1N5T29	K00067	1850
D16.1N5T29	K00068	15
D16.1N5T29	K00073	2
D16.1N5T29	K00074	199
D16.1N5T29	K00075	926
D16.1N5T29	K00076	65
D16.1N5T29	K00077	217
D16.1N5T29	K00082	4
D16.1N5T29	K00086	4
D16.1N5T29	K00087	139
D16.1N5T29	K00088	3438
D16.1N5T29	K00090	1
D16.1N5T29	K00091	21
D16.1N5T29	K00094	0
D16.1N5T29	K00096	94
D16.1N5T29	K00097	908
D16.1N5T29	K00098	0
D16.1N5T29	K00099	1919
D16.1N5T29	K00100	13
D16.1N5T29	K00101	1
D16.1N5T29	K00102	0
D16.1N5T29	K00104	127
D16.1N5T29	K00108	0
D16.1N5T29	K00111	759
D16.1N5T29	K00112	94
D16.1N5T29	K00113	377
D16.1N5T29	K00116	21
D16.1N5T29	K00117	0
D16.1N5T29	K00121	2
D16.1N5T29	K00122	0
D16.1N5T29	K00123	320
D16.1N5T29	K00124	76
D16.1N5T29	K00127	48
D16.1N5T29	K00128	84
D16.1N5T29	K00130	0
D16.1N5T29	K00131	5
D16.1N5T29	K00132	2
D16.1N5T29	K00133	2274
D16.1N5T29	K00134	2643
D16.1N5T29	K00135	47
D16.1N5T29	K00137	0
D16.1N5T29	K00138	2
D16.1N5T29	K00140	37
D16.1N5T29	K00145	1195
D16.1N5T29	K00146	0
D16.1N5T29	K00147	1218
D16.1N5T29	K00148	0
D16.1N5T29	K00150	7
D16.1N5T29	K00151	0
D16.1N5T29	K00153	0
D16.1N5T29	K00154	20
D16.1N5T29	K00156	0
D6.3N1T42	K00001	294
D6.3N1T42	K00002	2
D6.3N1T42	K00003	876
D6.3N1T42	K00004	0
D6.3N1T42	K00005	59
D6.3N1T42	K00007	0
D6.3N1T42	K00008	226
D6.3N1T42	K00009	2
D6.3N1T42	K00010	64
D6.3N1T42	K00012	4948
D6.3N1T42	K00013	2154
D6.3N1T42	K00014	1061
D6.3N1T42	K00015	39
D6.3N1T42	K00016	1163
D6.3N1T42	K00018	1181
D6.3N1T42	K00019	5
D6.3N1T42	K00020	163
D6.3N1T42	K00021	0
D6.3N1T42	K00023	0
D6.3N1T42	K00024	3154
D6.3N1T42	K00027	175
D6.3N1T42	K00029	3261
D6.3N1T42	K00030	72
D6.3N1T42	K00031	496
D6.3N1T42	K00032	0
D6.3N1T42	K00033	967
D6.3N1T42	K00034	0
D6.3N1T42	K00036	836
D6.3N1T42	K00038	0
D6.3N1T42	K00039	0
D6.3N1T42	K00040	148
D6.3N1T42	K00041	813
D6.3N1T42	K00042	8
D6.3N1T42	K00043	0
D6.3N1T42	K00045	557
D6.3N1T42	K00046	1552
D6.3N1T42	K00048	706
D6.3N1T42	K00052	2166
D6.3N1T42	K00053	2222
D6.3N1T42	K00054	52
D6.3N1T42	K00055	20
D6.3N1T42	K00057	1748
D6.3N1T42	K00058	1593
D6.3N1T42	K00059	2365
D6.3N1T42	K00060	51
D6.3N1T42	K00064	0
D6.3N1T42	K00065	58
D6.3N1T42	K00066	0
D6.3N1T42	K00067	2321.5
D6.3N1T42	K00068	0
D6.3N1T42	K00073	0
D6.3N1T42	K00074	179
D6.3N1T42	K00075	1282
D6.3N1T42	K00076	27
D6.3N1T42	K00077	1000
D6.3N1T42	K00082	4
D6.3N1T42	K00086	28
D6.3N1T42	K00087	19
D6.3N1T42	K00088	4757
D6.3N1T42	K00090	4
D6.3N1T42	K00091	2
D6.3N1T42	K00094	0
D6.3N1T42	K00096	320
D6.3N1T42	K00097	1276
D6.3N1T42	K00098	0
D6.3N1T42	K00099	2431
D6.3N1T42	K00100	15
D6.3N1T42	K00101	0
D6.3N1T42	K00102	7
D6.3N1T42	K00104	177
D6.3N1T42	K00108	0
D6.3N1T42	K00111	2123
D6.3N1T42	K00112	171
D6.3N1T42	K00113	1094
D6.3N1T42	K00116	9
D6.3N1T42	K00117	0
D6.3N1T42	K00121	0
D6.3N1T42	K00122	0
D6.3N1T42	K00123	2788
D6.3N1T42	K00124	565
D6.3N1T42	K00127	485
D6.3N1T42	K00128	145
D6.3N1T42	K00130	0
D6.3N1T42	K00131	0
D6.3N1T42	K00132	0
D6.3N1T42	K00133	2836
D6.3N1T42	K00134	3283
D6.3N1T42	K00135	76
D6.3N1T42	K00137	0
D6.3N1T42	K00138	0
D6.3N1T42	K00140	36
D6.3N1T42	K00145	2410
D6.3N1T42	K00146	0
D6.3N1T42	K00147	2126
D6.3N1T42	K00148	0
D6.3N1T42	K00150	0
D6.3N1T42	K00151	0
D6.3N1T42	K00153	0
D6.3N1T42	K00154	1
D6.3N1T42	K00156	1
D6.3N4T42	K00001	179
D6.3N4T42	K00002	30
D6.3N4T42	K00003	932
D6.3N4T42	K00004	2
D6.3N4T42	K00005	26
D6.3N4T42	K00007	0
D6.3N4T42	K00008	343
D6.3N4T42	K00009	12
D6.3N4T42	K00010	119
D6.3N4T42	K00012	5596
D6.3N4T42	K00013	1053
D6.3N4T42	K00014	973
D6.3N4T42	K00015	21
D6.3N4T42	K00016	222
D6.3N4T42	K00018	531
D6.3N4T42	K00019	11
D6.3N4T42	K00020	43
D6.3N4T42	K00021	0
D6.3N4T42	K00023	1
D6.3N4T42	K00024	4056
D6.3N4T42	K00027	307
D6.3N4T42	K00029	3800
D6.3N4T42	K00030	33
D6.3N4T42	K00031	483
D6.3N4T42	K00032	0
D6.3N4T42	K00033	83
D6.3N4T42	K00034	1
D6.3N4T42	K00036	54
D6.3N4T42	K00038	0
D6.3N4T42	K00039	0
D6.3N4T42	K00040	182
D6.3N4T42	K00041	1265
D6.3N4T42	K00042	9
D6.3N4T42	K00043	0
D6.3N4T42	K00045	287
D6.3N4T42	K00046	1324
D6.3N4T42	K00048	717
D6.3N4T42	K00052	1453
D6.3N4T42	K00053	2110
D6.3N4T42	K00054	6
D6.3N4T42	K00055	1
D6.3N4T42	K00057	2042
D6.3N4T42	K00058	1875
D6.3N4T42	K00059	2217
D6.3N4T42	K00060	27
D6.3N4T42	K00064	0
D6.3N4T42	K00065	25
D6.3N4T42	K00066	244
D6.3N4T42	K00067	1998
D6.3N4T42	K00068	9
D6.3N4T42	K00073	1
D6.3N4T42	K00074	169
D6.3N4T42	K00075	810
D6.3N4T42	K00076	303
D6.3N4T42	K00077	259
D6.3N4T42	K00082	14
D6.3N4T42	K00086	0
D6.3N4T42	K00087	119
D6.3N4T42	K00088	4509
D6.3N4T42	K00090	2
D6.3N4T42	K00091	23
D6.3N4T42	K00094	0
D6.3N4T42	K00096	243
D6.3N4T42	K00097	1477
D6.3N4T42	K00098	0
D6.3N4T42	K00099	2179
D6.3N4T42	K00100	30
D6.3N4T42	K00101	0
D6.3N4T42	K00102	1
D6.3N4T42	K00104	89
D6.3N4T42	K00108	0
D6.3N4T42	K00111	1894
D6.3N4T42	K00112	268
D6.3N4T42	K00113	1279
D6.3N4T42	K00116	27
D6.3N4T42	K00117	0
D6.3N4T42	K00121	0
D6.3N4T42	K00122	0
D6.3N4T42	K00123	400
D6.3N4T42	K00124	84
D6.3N4T42	K00127	65
D6.3N4T42	K00128	89
D6.3N4T42	K00130	0
D6.3N4T42	K00131	2
D6.3N4T42	K00132	1
D6.3N4T42	K00133	2905
D6.3N4T42	K00134	3514
D6.3N4T42	K00135	37
D6.3N4T42	K00137	0
D6.3N4T42	K00138	2
D6.3N4T42	K00140	68
D6.3N4T42	K00145	1809
D6.3N4T42	K00146	0
D6.3N4T42	K00147	1247
D6.3N4T42	K00148	0
D6.3N4T42	K00150	3
D6.3N4T42	K00151	0
D6.3N4T42	K00153	0
D6.3N4T42	K00154	27
D6.3N4T42	K00156	1
D6.3N5T42	K00001	83
D6.3N5T42	K00002	60
D6.3N5T42	K00003	940
D6.3N5T42	K00004	0
D6.3N5T42	K00005	72
D6.3N5T42	K00007	0
D6.3N5T42	K00008	469
D6.3N5T42	K00009	56
D6.3N5T42	K00010	184
D6.3N5T42	K00012	4821
D6.3N5T42	K00013	1230
D6.3N5T42	K00014	767
D6.3N5T42	K00015	37
D6.3N5T42	K00016	451
D6.3N5T42	K00018	853
D6.3N5T42	K00019	21
D6.3N5T42	K00020	59
D6.3N5T42	K00021	0
D6.3N5T42	K00023	1
D6.3N5T42	K00024	2896
D6.3N5T42	K00027	716
D6.3N5T42	K00029	2888
D6.3N5T42	K00030	66
D6.3N5T42	K00031	691
D6.3N5T42	K00032	0
D6.3N5T42	K00033	120
D6.3N5T42	K00034	2
D6.3N5T42	K00036	70
D6.3N5T42	K00038	0
D6.3N5T42	K00039	0
D6.3N5T42	K00040	510
D6.3N5T42	K00041	1349
D6.3N5T42	K00042	9
D6.3N5T42	K00043	0
D6.3N5T42	K00045	208
D6.3N5T42	K00046	1213
D6.3N5T42	K00048	802
D6.3N5T42	K00052	1732
D6.3N5T42	K00053	2025
D6.3N5T42	K00054	11
D6.3N5T42	K00055	8
D6.3N5T42	K00057	1827
D6.3N5T42	K00058	1792
D6.3N5T42	K00059	2083.5
D6.3N5T42	K00060	85
D6.3N5T42	K00064	0
D6.3N5T42	K00065	81
D6.3N5T42	K00066	12
D6.3N5T42	K00067	1900.5
D6.3N5T42	K00068	20
D6.3N5T42	K00073	7
D6.3N5T42	K00074	372
D6.3N5T42	K00075	815
D6.3N5T42	K00076	151
D6.3N5T42	K00077	187
D6.3N5T42	K00082	2
D6.3N5T42	K00086	8
D6.3N5T42	K00087	275
D6.3N5T42	K00088	4209
D6.3N5T42	K00090	3
D6.3N5T42	K00091	24
D6.3N5T42	K00094	0
D6.3N5T42	K00096	212
D6.3N5T42	K00097	1074
D6.3N5T42	K00098	0
D6.3N5T42	K00099	2005
D6.3N5T42	K00100	18
D6.3N5T42	K00101	1
D6.3N5T42	K00102	1
D6.3N5T42	K00104	168
D6.3N5T42	K00108	0
D6.3N5T42	K00111	1737
D6.3N5T42	K00112	220
D6.3N5T42	K00113	1049
D6.3N5T42	K00116	24
D6.3N5T42	K00117	0
D6.3N5T42	K00121	1
D6.3N5T42	K00122	0
D6.3N5T42	K00123	342
D6.3N5T42	K00124	78
D6.3N5T42	K00127	59
D6.3N5T42	K00128	199
D6.3N5T42	K00130	1
D6.3N5T42	K00131	0
D6.3N5T42	K00132	11
D6.3N5T42	K00133	2562
D6.3N5T42	K00134	3313
D6.3N5T42	K00135	56
D6.3N5T42	K00137	0
D6.3N5T42	K00138	0
D6.3N5T42	K00140	140
D6.3N5T42	K00145	1619
D6.3N5T42	K00146	0
D6.3N5T42	K00147	1312
D6.3N5T42	K00148	1
D6.3N5T42	K00150	7
D6.3N5T42	K00151	0
D6.3N5T42	K00153	0
D6.3N5T42	K00154	20
D6.3N5T42	K00156	0
D6.3N6T42	K00001	458
D6.3N6T42	K00002	10
D6.3N6T42	K00003	493
D6.3N6T42	K00004	0
D6.3N6T42	K00005	66
D6.3N6T42	K00007	7
D6.3N6T42	K00008	352
D6.3N6T42	K00009	13
D6.3N6T42	K00010	23
D6.3N6T42	K00012	3679
D6.3N6T42	K00013	1883
D6.3N6T42	K00014	869
D6.3N6T42	K00015	7
D6.3N6T42	K00016	569
D6.3N6T42	K00018	1487
D6.3N6T42	K00019	7
D6.3N6T42	K00020	148
D6.3N6T42	K00021	0
D6.3N6T42	K00023	0
D6.3N6T42	K00024	3050
D6.3N6T42	K00027	170
D6.3N6T42	K00029	3411
D6.3N6T42	K00030	82
D6.3N6T42	K00031	733
D6.3N6T42	K00032	0
D6.3N6T42	K00033	954
D6.3N6T42	K00034	0
D6.3N6T42	K00036	1041
D6.3N6T42	K00038	0
D6.3N6T42	K00039	7
D6.3N6T42	K00040	177
D6.3N6T42	K00041	1095
D6.3N6T42	K00042	9
D6.3N6T42	K00043	0
D6.3N6T42	K00045	207
D6.3N6T42	K00046	1678
D6.3N6T42	K00048	1102
D6.3N6T42	K00052	2047
D6.3N6T42	K00053	2436
D6.3N6T42	K00054	18
D6.3N6T42	K00055	5
D6.3N6T42	K00057	1883
D6.3N6T42	K00058	1324
D6.3N6T42	K00059	2620
D6.3N6T42	K00060	53
D6.3N6T42	K00064	0
D6.3N6T42	K00065	36
D6.3N6T42	K00066	7
D6.3N6T42	K00067	2320.5
D6.3N6T42	K00068	4
D6.3N6T42	K00073	1
D6.3N6T42	K00074	148
D6.3N6T42	K00075	1486
D6.3N6T42	K00076	13
D6.3N6T42	K00077	1267
D6.3N6T42	K00082	0
D6.3N6T42	K00086	7
D6.3N6T42	K00087	71
D6.3N6T42	K00088	3900
D6.3N6T42	K00090	8
D6.3N6T42	K00091	0
D6.3N6T42	K00094	0
D6.3N6T42	K00096	374
D6.3N6T42	K00097	1477
D6.3N6T42	K00098	0
D6.3N6T42	K00099	2520
D6.3N6T42	K00100	18
D6.3N6T42	K00101	8
D6.3N6T42	K00102	16
D6.3N6T42	K00104	258
D6.3N6T42	K00108	10
D6.3N6T42	K00111	1606
D6.3N6T42	K00112	289
D6.3N6T42	K00113	703
D6.3N6T42	K00116	33
D6.3N6T42	K00117	28
D6.3N6T42	K00121	10
D6.3N6T42	K00122	0
D6.3N6T42	K00123	1237
D6.3N6T42	K00124	330
D6.3N6T42	K00127	298
D6.3N6T42	K00128	123
D6.3N6T42	K00130	29
D6.3N6T42	K00131	0
D6.3N6T42	K00132	7
D6.3N6T42	K00133	2390
D6.3N6T42	K00134	2647
D6.3N6T42	K00135	43
D6.3N6T42	K00137	5
D6.3N6T42	K00138	7
D6.3N6T42	K00140	18
D6.3N6T42	K00145	1980
D6.3N6T42	K00146	7
D6.3N6T42	K00147	2564
D6.3N6T42	K00148	8
D6.3N6T42	K00150	0
D6.3N6T42	K00151	5
D6.3N6T42	K00153	0
D6.3N6T42	K00154	131
D6.3N6T42	K00156	11
D6.3N7T42	K00001	179
D6.3N7T42	K00002	10
D6.3N7T42	K00003	876
D6.3N7T42	K00004	1
D6.3N7T42	K00005	5
D6.3N7T42	K00007	0
D6.3N7T42	K00008	130
D6.3N7T42	K00009	15
D6.3N7T42	K00010	110
D6.3N7T42	K00012	4659
D6.3N7T42	K00013	917
D6.3N7T42	K00014	895
D6.3N7T42	K00015	15
D6.3N7T42	K00016	206
D6.3N7T42	K00018	411
D6.3N7T42	K00019	0
D6.3N7T42	K00020	26
D6.3N7T42	K00021	0
D6.3N7T42	K00023	0
D6.3N7T42	K00024	3653
D6.3N7T42	K00027	163
D6.3N7T42	K00029	3845
D6.3N7T42	K00030	29
D6.3N7T42	K00031	376
D6.3N7T42	K00032	0
D6.3N7T42	K00033	64
D6.3N7T42	K00034	0
D6.3N7T42	K00036	52
D6.3N7T42	K00038	0
D6.3N7T42	K00039	0
D6.3N7T42	K00040	76
D6.3N7T42	K00041	1232
D6.3N7T42	K00042	6
D6.3N7T42	K00043	1
D6.3N7T42	K00045	218
D6.3N7T42	K00046	1079
D6.3N7T42	K00048	715
D6.3N7T42	K00052	1308
D6.3N7T42	K00053	1891
D6.3N7T42	K00054	17
D6.3N7T42	K00055	0
D6.3N7T42	K00057	1771
D6.3N7T42	K00058	1671
D6.3N7T42	K00059	1969
D6.3N7T42	K00060	20
D6.3N7T42	K00064	0
D6.3N7T42	K00065	22
D6.3N7T42	K00066	232
D6.3N7T42	K00067	1768
D6.3N7T42	K00068	5
D6.3N7T42	K00073	0
D6.3N7T42	K00074	88
D6.3N7T42	K00075	694
D6.3N7T42	K00076	282
D6.3N7T42	K00077	213
D6.3N7T42	K00082	14
D6.3N7T42	K00086	1
D6.3N7T42	K00087	42
D6.3N7T42	K00088	4107
D6.3N7T42	K00090	2
D6.3N7T42	K00091	6
D6.3N7T42	K00094	0
D6.3N7T42	K00096	158
D6.3N7T42	K00097	1266
D6.3N7T42	K00098	0
D6.3N7T42	K00099	1900
D6.3N7T42	K00100	62
D6.3N7T42	K00101	0
D6.3N7T42	K00102	1
D6.3N7T42	K00104	81
D6.3N7T42	K00108	0
D6.3N7T42	K00111	1438
D6.3N7T42	K00112	188
D6.3N7T42	K00113	1014
D6.3N7T42	K00116	4
D6.3N7T42	K00117	0
D6.3N7T42	K00121	0
D6.3N7T42	K00122	0
D6.3N7T42	K00123	251
D6.3N7T42	K00124	63
D6.3N7T42	K00127	41
D6.3N7T42	K00128	61
D6.3N7T42	K00130	0
D6.3N7T42	K00131	2
D6.3N7T42	K00132	1
D6.3N7T42	K00133	2556
D6.3N7T42	K00134	2898
D6.3N7T42	K00135	7
D6.3N7T42	K00137	0
D6.3N7T42	K00138	1
D6.3N7T42	K00140	30
D6.3N7T42	K00145	1635
D6.3N7T42	K00146	0
D6.3N7T42	K00147	1055
D6.3N7T42	K00148	0
D6.3N7T42	K00150	0
D6.3N7T42	K00151	0
D6.3N7T42	K00153	0
D6.3N7T42	K00154	11
D6.3N7T42	K00156	2
D6.6N2T82	K00001	387
D6.6N2T82	K00002	3
D6.6N2T82	K00003	458
D6.6N2T82	K00004	3
D6.6N2T82	K00005	75
D6.6N2T82	K00007	1
D6.6N2T82	K00008	165
D6.6N2T82	K00009	19
D6.6N2T82	K00010	54
D6.6N2T82	K00012	3996
D6.6N2T82	K00013	1925
D6.6N2T82	K00014	952
D6.6N2T82	K00015	11
D6.6N2T82	K00016	453
D6.6N2T82	K00018	1491
D6.6N2T82	K00019	27
D6.6N2T82	K00020	99
D6.6N2T82	K00021	0
D6.6N2T82	K00023	0
D6.6N2T82	K00024	3367
D6.6N2T82	K00027	164
D6.6N2T82	K00029	4090
D6.6N2T82	K00030	23
D6.6N2T82	K00031	522
D6.6N2T82	K00032	0
D6.6N2T82	K00033	1189
D6.6N2T82	K00034	1
D6.6N2T82	K00036	1335
D6.6N2T82	K00038	0
D6.6N2T82	K00039	2
D6.6N2T82	K00040	72
D6.6N2T82	K00041	1073
D6.6N2T82	K00042	15
D6.6N2T82	K00043	0
D6.6N2T82	K00045	343
D6.6N2T82	K00046	1773
D6.6N2T82	K00048	920
D6.6N2T82	K00052	2113
D6.6N2T82	K00053	2314
D6.6N2T82	K00054	8
D6.6N2T82	K00055	2
D6.6N2T82	K00057	1822
D6.6N2T82	K00058	1481
D6.6N2T82	K00059	3172
D6.6N2T82	K00060	46
D6.6N2T82	K00064	0
D6.6N2T82	K00065	34
D6.6N2T82	K00066	5
D6.6N2T82	K00067	2322.5
D6.6N2T82	K00068	4
D6.6N2T82	K00073	13
D6.6N2T82	K00074	132
D6.6N2T82	K00075	1335
D6.6N2T82	K00076	41
D6.6N2T82	K00077	1162
D6.6N2T82	K00082	0
D6.6N2T82	K00086	6
D6.6N2T82	K00087	61
D6.6N2T82	K00088	4100
D6.6N2T82	K00090	10
D6.6N2T82	K00091	1
D6.6N2T82	K00094	1
D6.6N2T82	K00096	324
D6.6N2T82	K00097	1637
D6.6N2T82	K00098	5
D6.6N2T82	K00099	2533
D6.6N2T82	K00100	15
D6.6N2T82	K00101	7
D6.6N2T82	K00102	5
D6.6N2T82	K00104	171
D6.6N2T82	K00108	10
D6.6N2T82	K00111	1476
D6.6N2T82	K00112	142
D6.6N2T82	K00113	777
D6.6N2T82	K00116	54
D6.6N2T82	K00117	6
D6.6N2T82	K00121	2
D6.6N2T82	K00122	0
D6.6N2T82	K00123	1315
D6.6N2T82	K00124	312
D6.6N2T82	K00127	199
D6.6N2T82	K00128	92
D6.6N2T82	K00130	7
D6.6N2T82	K00131	0
D6.6N2T82	K00132	14
D6.6N2T82	K00133	2537
D6.6N2T82	K00134	2888
D6.6N2T82	K00135	99
D6.6N2T82	K00137	3
D6.6N2T82	K00138	2
D6.6N2T82	K00140	24
D6.6N2T82	K00145	2112
D6.6N2T82	K00146	3
D6.6N2T82	K00147	2345
D6.6N2T82	K00148	0
D6.6N2T82	K00150	0
D6.6N2T82	K00151	3
D6.6N2T82	K00153	0
D6.6N2T82	K00154	23
D6.6N2T82	K00156	6
D6.6N3T82	K00001	201
D6.6N3T82	K00002	31
D6.6N3T82	K00003	816
D6.6N3T82	K00004	2
D6.6N3T82	K00005	20
D6.6N3T82	K00007	0
D6.6N3T82	K00008	212
D6.6N3T82	K00009	24
D6.6N3T82	K00010	168
D6.6N3T82	K00012	4876
D6.6N3T82	K00013	1395
D6.6N3T82	K00014	1031
D6.6N3T82	K00015	12
D6.6N3T82	K00016	193
D6.6N3T82	K00018	807
D6.6N3T82	K00019	5
D6.6N3T82	K00020	33
D6.6N3T82	K00021	0
D6.6N3T82	K00023	0
D6.6N3T82	K00024	3573
D6.6N3T82	K00027	323
D6.6N3T82	K00029	4083
D6.6N3T82	K00030	16
D6.6N3T82	K00031	350
D6.6N3T82	K00032	0
D6.6N3T82	K00033	213
D6.6N3T82	K00034	2
D6.6N3T82	K00036	221
D6.6N3T82	K00038	0
D6.6N3T82	K00039	0
D6.6N3T82	K00040	175
D6.6N3T82	K00041	1583
D6.6N3T82	K00042	11
D6.6N3T82	K00043	0
D6.6N3T82	K00045	130
D6.6N3T82	K00046	1423
D6.6N3T82	K00048	1117
D6.6N3T82	K00052	1859
D6.6N3T82	K00053	2287
D6.6N3T82	K00054	9
D6.6N3T82	K00055	1
D6.6N3T82	K00057	1801
D6.6N3T82	K00058	1722
D6.6N3T82	K00059	2138
D6.6N3T82	K00060	52
D6.6N3T82	K00064	0
D6.6N3T82	K00065	11
D6.6N3T82	K00066	215
D6.6N3T82	K00067	2274
D6.6N3T82	K00068	6
D6.6N3T82	K00073	1
D6.6N3T82	K00074	226
D6.6N3T82	K00075	792
D6.6N3T82	K00076	204
D6.6N3T82	K00077	376
D6.6N3T82	K00082	3
D6.6N3T82	K00086	2
D6.6N3T82	K00087	72
D6.6N3T82	K00088	4242
D6.6N3T82	K00090	1
D6.6N3T82	K00091	16
D6.6N3T82	K00094	0
D6.6N3T82	K00096	128
D6.6N3T82	K00097	1184
D6.6N3T82	K00098	0
D6.6N3T82	K00099	2231
D6.6N3T82	K00100	16
D6.6N3T82	K00101	1
D6.6N3T82	K00102	1
D6.6N3T82	K00104	42
D6.6N3T82	K00108	0
D6.6N3T82	K00111	1257
D6.6N3T82	K00112	156
D6.6N3T82	K00113	862
D6.6N3T82	K00116	5
D6.6N3T82	K00117	1
D6.6N3T82	K00121	1
D6.6N3T82	K00122	0
D6.6N3T82	K00123	373
D6.6N3T82	K00124	90
D6.6N3T82	K00127	56
D6.6N3T82	K00128	113
D6.6N3T82	K00130	0
D6.6N3T82	K00131	0
D6.6N3T82	K00132	4
D6.6N3T82	K00133	2696
D6.6N3T82	K00134	3204
D6.6N3T82	K00135	12
D6.6N3T82	K00137	0
D6.6N3T82	K00138	0
D6.6N3T82	K00140	63
D6.6N3T82	K00145	1807
D6.6N3T82	K00146	0
D6.6N3T82	K00147	1612
D6.6N3T82	K00148	0
D6.6N3T82	K00150	2
D6.6N3T82	K00151	0
D6.6N3T82	K00153	0
D6.6N3T82	K00154	19
D6.6N3T82	K00156	0
D6.6N4T82	K00001	368
D6.6N4T82	K00002	11
D6.6N4T82	K00003	586
D6.6N4T82	K00004	3
D6.6N4T82	K00005	111
D6.6N4T82	K00007	0
D6.6N4T82	K00008	288
D6.6N4T82	K00009	22
D6.6N4T82	K00010	83
D6.6N4T82	K00012	4040
D6.6N4T82	K00013	1769
D6.6N4T82	K00014	885
D6.6N4T82	K00015	12
D6.6N4T82	K00016	491
D6.6N4T82	K00018	1290
D6.6N4T82	K00019	62
D6.6N4T82	K00020	62
D6.6N4T82	K00021	0
D6.6N4T82	K00023	0
D6.6N4T82	K00024	3100
D6.6N4T82	K00027	230
D6.6N4T82	K00029	3238
D6.6N4T82	K00030	53
D6.6N4T82	K00031	784
D6.6N4T82	K00032	0
D6.6N4T82	K00033	890
D6.6N4T82	K00034	0
D6.6N4T82	K00036	1092
D6.6N4T82	K00038	0
D6.6N4T82	K00039	0
D6.6N4T82	K00040	164
D6.6N4T82	K00041	919
D6.6N4T82	K00042	23
D6.6N4T82	K00043	0
D6.6N4T82	K00045	368
D6.6N4T82	K00046	1644
D6.6N4T82	K00048	819
D6.6N4T82	K00052	2126
D6.6N4T82	K00053	2156
D6.6N4T82	K00054	16
D6.6N4T82	K00055	8
D6.6N4T82	K00057	1782
D6.6N4T82	K00058	1562
D6.6N4T82	K00059	2933
D6.6N4T82	K00060	54
D6.6N4T82	K00064	0
D6.6N4T82	K00065	48
D6.6N4T82	K00066	2
D6.6N4T82	K00067	2186
D6.6N4T82	K00068	12
D6.6N4T82	K00073	23
D6.6N4T82	K00074	192
D6.6N4T82	K00075	1201
D6.6N4T82	K00076	113
D6.6N4T82	K00077	1012
D6.6N4T82	K00082	0
D6.6N4T82	K00086	10
D6.6N4T82	K00087	117
D6.6N4T82	K00088	4046
D6.6N4T82	K00090	7
D6.6N4T82	K00091	0
D6.6N4T82	K00094	2
D6.6N4T82	K00096	280
D6.6N4T82	K00097	1525
D6.6N4T82	K00098	4
D6.6N4T82	K00099	2441
D6.6N4T82	K00100	20
D6.6N4T82	K00101	2
D6.6N4T82	K00102	8
D6.6N4T82	K00104	277
D6.6N4T82	K00108	4
D6.6N4T82	K00111	1518
D6.6N4T82	K00112	150
D6.6N4T82	K00113	839
D6.6N4T82	K00116	121
D6.6N4T82	K00117	14
D6.6N4T82	K00121	5
D6.6N4T82	K00122	0
D6.6N4T82	K00123	1046
D6.6N4T82	K00124	247
D6.6N4T82	K00127	190
D6.6N4T82	K00128	127
D6.6N4T82	K00130	9
D6.6N4T82	K00131	0
D6.6N4T82	K00132	14
D6.6N4T82	K00133	2438
D6.6N4T82	K00134	2911
D6.6N4T82	K00135	190
D6.6N4T82	K00137	5
D6.6N4T82	K00138	3
D6.6N4T82	K00140	94
D6.6N4T82	K00145	1889
D6.6N4T82	K00146	3
D6.6N4T82	K00147	2125
D6.6N4T82	K00148	0
D6.6N4T82	K00150	0
D6.6N4T82	K00151	1
D6.6N4T82	K00153	0
D6.6N4T82	K00154	5
D6.6N4T82	K00156	9
D6.6N5T82	K00001	111
D6.6N5T82	K00002	60
D6.6N5T82	K00003	922
D6.6N5T82	K00004	2
D6.6N5T82	K00005	48
D6.6N5T82	K00007	0
D6.6N5T82	K00008	382
D6.6N5T82	K00009	56
D6.6N5T82	K00010	193
D6.6N5T82	K00012	3864
D6.6N5T82	K00013	1119
D6.6N5T82	K00014	873
D6.6N5T82	K00015	24
D6.6N5T82	K00016	314
D6.6N5T82	K00018	710
D6.6N5T82	K00019	4
D6.6N5T82	K00020	56
D6.6N5T82	K00021	0
D6.6N5T82	K00023	0
D6.6N5T82	K00024	2588
D6.6N5T82	K00027	697
D6.6N5T82	K00029	2798
D6.6N5T82	K00030	38
D6.6N5T82	K00031	794
D6.6N5T82	K00032	0
D6.6N5T82	K00033	123
D6.6N5T82	K00034	0
D6.6N5T82	K00036	76
D6.6N5T82	K00038	0
D6.6N5T82	K00039	0
D6.6N5T82	K00040	408
D6.6N5T82	K00041	1132
D6.6N5T82	K00042	15
D6.6N5T82	K00043	0
D6.6N5T82	K00045	153
D6.6N5T82	K00046	993
D6.6N5T82	K00048	844
D6.6N5T82	K00052	1544
D6.6N5T82	K00053	1820
D6.6N5T82	K00054	13
D6.6N5T82	K00055	5
D6.6N5T82	K00057	1622
D6.6N5T82	K00058	1796
D6.6N5T82	K00059	2046
D6.6N5T82	K00060	65
D6.6N5T82	K00064	0
D6.6N5T82	K00065	45
D6.6N5T82	K00066	134
D6.6N5T82	K00067	1673
D6.6N5T82	K00068	29
D6.6N5T82	K00073	9
D6.6N5T82	K00074	391
D6.6N5T82	K00075	707
D6.6N5T82	K00076	142
D6.6N5T82	K00077	245
D6.6N5T82	K00082	3
D6.6N5T82	K00086	2
D6.6N5T82	K00087	216
D6.6N5T82	K00088	3662
D6.6N5T82	K00090	3
D6.6N5T82	K00091	53
D6.6N5T82	K00094	0
D6.6N5T82	K00096	173
D6.6N5T82	K00097	895
D6.6N5T82	K00098	0
D6.6N5T82	K00099	1848
D6.6N5T82	K00100	21
D6.6N5T82	K00101	0
D6.6N5T82	K00102	0
D6.6N5T82	K00104	185
D6.6N5T82	K00108	0
D6.6N5T82	K00111	1156
D6.6N5T82	K00112	138
D6.6N5T82	K00113	645
D6.6N5T82	K00116	45
D6.6N5T82	K00117	0
D6.6N5T82	K00121	1
D6.6N5T82	K00122	0
D6.6N5T82	K00123	485
D6.6N5T82	K00124	103
D6.6N5T82	K00127	66
D6.6N5T82	K00128	163
D6.6N5T82	K00130	1
D6.6N5T82	K00131	0
D6.6N5T82	K00132	8
D6.6N5T82	K00133	2289
D6.6N5T82	K00134	2840
D6.6N5T82	K00135	10
D6.6N5T82	K00137	0
D6.6N5T82	K00138	2
D6.6N5T82	K00140	137
D6.6N5T82	K00145	1426
D6.6N5T82	K00146	0
D6.6N5T82	K00147	1373
D6.6N5T82	K00148	1
D6.6N5T82	K00150	2
D6.6N5T82	K00151	0
D6.6N5T82	K00153	0
D6.6N5T82	K00154	14
D6.6N5T82	K00156	0
D6.6N6T82	K00001	158
D6.6N6T82	K00002	10
D6.6N6T82	K00003	705
D6.6N6T82	K00004	0
D6.6N6T82	K00005	9
D6.6N6T82	K00007	1
D6.6N6T82	K00008	140
D6.6N6T82	K00009	10
D6.6N6T82	K00010	159
D6.6N6T82	K00012	4650
D6.6N6T82	K00013	1017
D6.6N6T82	K00014	968
D6.6N6T82	K00015	13
D6.6N6T82	K00016	141
D6.6N6T82	K00018	538
D6.6N6T82	K00019	4
D6.6N6T82	K00020	39
D6.6N6T82	K00021	0
D6.6N6T82	K00023	0
D6.6N6T82	K00024	3693
D6.6N6T82	K00027	145
D6.6N6T82	K00029	3979
D6.6N6T82	K00030	16
D6.6N6T82	K00031	219
D6.6N6T82	K00032	0
D6.6N6T82	K00033	91
D6.6N6T82	K00034	1
D6.6N6T82	K00036	89
D6.6N6T82	K00038	0
D6.6N6T82	K00039	0
D6.6N6T82	K00040	62
D6.6N6T82	K00041	1284
D6.6N6T82	K00042	1
D6.6N6T82	K00043	0
D6.6N6T82	K00045	151
D6.6N6T82	K00046	1168
D6.6N6T82	K00048	848
D6.6N6T82	K00052	1379
D6.6N6T82	K00053	1923
D6.6N6T82	K00054	7
D6.6N6T82	K00055	1
D6.6N6T82	K00057	1820
D6.6N6T82	K00058	1587
D6.6N6T82	K00059	1982
D6.6N6T82	K00060	16
D6.6N6T82	K00064	0
D6.6N6T82	K00065	3
D6.6N6T82	K00066	186
D6.6N6T82	K00067	1877.5
D6.6N6T82	K00068	4
D6.6N6T82	K00073	2
D6.6N6T82	K00074	82
D6.6N6T82	K00075	664
D6.6N6T82	K00076	195
D6.6N6T82	K00077	198
D6.6N6T82	K00082	6
D6.6N6T82	K00086	1
D6.6N6T82	K00087	40
D6.6N6T82	K00088	3852
D6.6N6T82	K00090	2
D6.6N6T82	K00091	4
D6.6N6T82	K00094	0
D6.6N6T82	K00096	106
D6.6N6T82	K00097	1285
D6.6N6T82	K00098	0
D6.6N6T82	K00099	1950
D6.6N6T82	K00100	5
D6.6N6T82	K00101	1
D6.6N6T82	K00102	1
D6.6N6T82	K00104	43
D6.6N6T82	K00108	2
D6.6N6T82	K00111	1351
D6.6N6T82	K00112	165
D6.6N6T82	K00113	936
D6.6N6T82	K00116	15
D6.6N6T82	K00117	0
D6.6N6T82	K00121	0
D6.6N6T82	K00122	2
D6.6N6T82	K00123	431
D6.6N6T82	K00124	95
D6.6N6T82	K00127	79
D6.6N6T82	K00128	60
D6.6N6T82	K00130	0
D6.6N6T82	K00131	2
D6.6N6T82	K00132	1
D6.6N6T82	K00133	2524
D6.6N6T82	K00134	3047
D6.6N6T82	K00135	26
D6.6N6T82	K00137	0
D6.6N6T82	K00138	0
D6.6N6T82	K00140	67
D6.6N6T82	K00145	1629
D6.6N6T82	K00146	0
D6.6N6T82	K00147	1419
D6.6N6T82	K00148	0
D6.6N6T82	K00150	1
D6.6N6T82	K00151	0
D6.6N6T82	K00153	0
D6.6N6T82	K00154	14
D6.6N6T82	K00156	0
D6.7N1T70	K00001	271
D6.7N1T70	K00002	3
D6.7N1T70	K00003	469
D6.7N1T70	K00004	1
D6.7N1T70	K00005	31
D6.7N1T70	K00007	1
D6.7N1T70	K00008	101
D6.7N1T70	K00009	13
D6.7N1T70	K00010	53
D6.7N1T70	K00012	4655
D6.7N1T70	K00013	1572
D6.7N1T70	K00014	819
D6.7N1T70	K00015	15
D6.7N1T70	K00016	443
D6.7N1T70	K00018	1149
D6.7N1T70	K00019	34
D6.7N1T70	K00020	92
D6.7N1T70	K00021	0
D6.7N1T70	K00023	1
D6.7N1T70	K00024	3025
D6.7N1T70	K00027	127
D6.7N1T70	K00029	3210
D6.7N1T70	K00030	56
D6.7N1T70	K00031	490
D6.7N1T70	K00032	0
D6.7N1T70	K00033	751
D6.7N1T70	K00034	0
D6.7N1T70	K00036	788
D6.7N1T70	K00038	0
D6.7N1T70	K00039	0
D6.7N1T70	K00040	66
D6.7N1T70	K00041	708
D6.7N1T70	K00042	16
D6.7N1T70	K00043	0
D6.7N1T70	K00045	376
D6.7N1T70	K00046	1436
D6.7N1T70	K00048	702
D6.7N1T70	K00052	1787
D6.7N1T70	K00053	1962
D6.7N1T70	K00054	17
D6.7N1T70	K00055	15
D6.7N1T70	K00057	1452
D6.7N1T70	K00058	1236
D6.7N1T70	K00059	2375
D6.7N1T70	K00060	50
D6.7N1T70	K00064	0
D6.7N1T70	K00065	16
D6.7N1T70	K00066	2
D6.7N1T70	K00067	1955
D6.7N1T70	K00068	5
D6.7N1T70	K00073	6
D6.7N1T70	K00074	65
D6.7N1T70	K00075	961
D6.7N1T70	K00076	32
D6.7N1T70	K00077	696
D6.7N1T70	K00082	0
D6.7N1T70	K00086	8
D6.7N1T70	K00087	22
D6.7N1T70	K00088	3783
D6.7N1T70	K00090	7
D6.7N1T70	K00091	0
D6.7N1T70	K00094	1
D6.7N1T70	K00096	268
D6.7N1T70	K00097	1218
D6.7N1T70	K00098	3
D6.7N1T70	K00099	1919
D6.7N1T70	K00100	4
D6.7N1T70	K00101	4
D6.7N1T70	K00102	0
D6.7N1T70	K00104	151
D6.7N1T70	K00108	7
D6.7N1T70	K00111	1687
D6.7N1T70	K00112	126
D6.7N1T70	K00113	1007
D6.7N1T70	K00116	49
D6.7N1T70	K00117	13
D6.7N1T70	K00121	4
D6.7N1T70	K00122	0
D6.7N1T70	K00123	1176
D6.7N1T70	K00124	223
D6.7N1T70	K00127	203
D6.7N1T70	K00128	56
D6.7N1T70	K00130	7
D6.7N1T70	K00131	0
D6.7N1T70	K00132	3
D6.7N1T70	K00133	2259
D6.7N1T70	K00134	2548
D6.7N1T70	K00135	122
D6.7N1T70	K00137	5
D6.7N1T70	K00138	10
D6.7N1T70	K00140	9
D6.7N1T70	K00145	1650
D6.7N1T70	K00146	4
D6.7N1T70	K00147	1666
D6.7N1T70	K00148	0
D6.7N1T70	K00150	0
D6.7N1T70	K00151	4
D6.7N1T70	K00153	0
D6.7N1T70	K00154	6
D6.7N1T70	K00156	6
D6.7N2T70	K00001	158
D6.7N2T70	K00002	28
D6.7N2T70	K00003	643
D6.7N2T70	K00004	1
D6.7N2T70	K00005	23
D6.7N2T70	K00007	0
D6.7N2T70	K00008	230
D6.7N2T70	K00009	25
D6.7N2T70	K00010	188
D6.7N2T70	K00012	4507
D6.7N2T70	K00013	946
D6.7N2T70	K00014	815
D6.7N2T70	K00015	14
D6.7N2T70	K00016	166
D6.7N2T70	K00018	662
D6.7N2T70	K00019	3
D6.7N2T70	K00020	25
D6.7N2T70	K00021	0
D6.7N2T70	K00023	0
D6.7N2T70	K00024	3513
D6.7N2T70	K00027	232
D6.7N2T70	K00029	3632
D6.7N2T70	K00030	21
D6.7N2T70	K00031	311
D6.7N2T70	K00032	0
D6.7N2T70	K00033	98
D6.7N2T70	K00034	0
D6.7N2T70	K00036	76
D6.7N2T70	K00038	1
D6.7N2T70	K00039	0
D6.7N2T70	K00040	175
D6.7N2T70	K00041	1217
D6.7N2T70	K00042	5
D6.7N2T70	K00043	0
D6.7N2T70	K00045	344
D6.7N2T70	K00046	1263
D6.7N2T70	K00048	894
D6.7N2T70	K00052	1392
D6.7N2T70	K00053	1940
D6.7N2T70	K00054	17
D6.7N2T70	K00055	2
D6.7N2T70	K00057	1710
D6.7N2T70	K00058	1694
D6.7N2T70	K00059	1940
D6.7N2T70	K00060	37
D6.7N2T70	K00064	1
D6.7N2T70	K00065	15
D6.7N2T70	K00066	16
D6.7N2T70	K00067	1679
D6.7N2T70	K00068	4
D6.7N2T70	K00073	4
D6.7N2T70	K00074	133
D6.7N2T70	K00075	717
D6.7N2T70	K00076	233
D6.7N2T70	K00077	185
D6.7N2T70	K00082	4
D6.7N2T70	K00086	5
D6.7N2T70	K00087	89
D6.7N2T70	K00088	4183
D6.7N2T70	K00090	2
D6.7N2T70	K00091	17
D6.7N2T70	K00094	0
D6.7N2T70	K00096	251
D6.7N2T70	K00097	1295
D6.7N2T70	K00098	0
D6.7N2T70	K00099	2002
D6.7N2T70	K00100	10
D6.7N2T70	K00101	0
D6.7N2T70	K00102	2
D6.7N2T70	K00104	29
D6.7N2T70	K00108	1
D6.7N2T70	K00111	1596
D6.7N2T70	K00112	205
D6.7N2T70	K00113	972
D6.7N2T70	K00116	11
D6.7N2T70	K00117	0
D6.7N2T70	K00121	0
D6.7N2T70	K00122	0
D6.7N2T70	K00123	290
D6.7N2T70	K00124	60
D6.7N2T70	K00127	53
D6.7N2T70	K00128	117
D6.7N2T70	K00130	1
D6.7N2T70	K00131	4
D6.7N2T70	K00132	3
D6.7N2T70	K00133	2626
D6.7N2T70	K00134	2853
D6.7N2T70	K00135	5
D6.7N2T70	K00137	0
D6.7N2T70	K00138	1
D6.7N2T70	K00140	34
D6.7N2T70	K00145	1813
D6.7N2T70	K00146	0
D6.7N2T70	K00147	1052
D6.7N2T70	K00148	0
D6.7N2T70	K00150	5
D6.7N2T70	K00151	0
D6.7N2T70	K00153	0
D6.7N2T70	K00154	7
D6.7N2T70	K00156	0
D6.7N4T70	K00001	382
D6.7N4T70	K00002	1
D6.7N4T70	K00003	365
D6.7N4T70	K00004	0
D6.7N4T70	K00005	35
D6.7N4T70	K00007	6
D6.7N4T70	K00008	100
D6.7N4T70	K00009	22
D6.7N4T70	K00010	33
D6.7N4T70	K00012	4421
D6.7N4T70	K00013	1630
D6.7N4T70	K00014	876
D6.7N4T70	K00015	18
D6.7N4T70	K00016	420
D6.7N4T70	K00018	1317
D6.7N4T70	K00019	9
D6.7N4T70	K00020	76
D6.7N4T70	K00021	0
D6.7N4T70	K00023	0
D6.7N4T70	K00024	3250
D6.7N4T70	K00027	126
D6.7N4T70	K00029	3386
D6.7N4T70	K00030	65
D6.7N4T70	K00031	338
D6.7N4T70	K00032	0
D6.7N4T70	K00033	977
D6.7N4T70	K00034	2
D6.7N4T70	K00036	1106
D6.7N4T70	K00038	0
D6.7N4T70	K00039	2
D6.7N4T70	K00040	104
D6.7N4T70	K00041	982
D6.7N4T70	K00042	22
D6.7N4T70	K00043	0
D6.7N4T70	K00045	324
D6.7N4T70	K00046	1624
D6.7N4T70	K00048	838
D6.7N4T70	K00052	1988
D6.7N4T70	K00053	2018
D6.7N4T70	K00054	19
D6.7N4T70	K00055	10
D6.7N4T70	K00057	1517
D6.7N4T70	K00058	1251
D6.7N4T70	K00059	2786
D6.7N4T70	K00060	30
D6.7N4T70	K00064	0
D6.7N4T70	K00065	16
D6.7N4T70	K00066	0
D6.7N4T70	K00067	2379
D6.7N4T70	K00068	10
D6.7N4T70	K00073	9
D6.7N4T70	K00074	84
D6.7N4T70	K00075	1171
D6.7N4T70	K00076	8
D6.7N4T70	K00077	1047
D6.7N4T70	K00082	0
D6.7N4T70	K00086	16
D6.7N4T70	K00087	16
D6.7N4T70	K00088	3697
D6.7N4T70	K00090	11
D6.7N4T70	K00091	0
D6.7N4T70	K00094	1
D6.7N4T70	K00096	228
D6.7N4T70	K00097	1525
D6.7N4T70	K00098	4
D6.7N4T70	K00099	2077
D6.7N4T70	K00100	11
D6.7N4T70	K00101	9
D6.7N4T70	K00102	6
D6.7N4T70	K00104	130
D6.7N4T70	K00108	14
D6.7N4T70	K00111	1384
D6.7N4T70	K00112	114
D6.7N4T70	K00113	800
D6.7N4T70	K00116	28
D6.7N4T70	K00117	15
D6.7N4T70	K00121	10
D6.7N4T70	K00122	0
D6.7N4T70	K00123	1276
D6.7N4T70	K00124	246
D6.7N4T70	K00127	184
D6.7N4T70	K00128	70
D6.7N4T70	K00130	6
D6.7N4T70	K00131	0
D6.7N4T70	K00132	1
D6.7N4T70	K00133	2199
D6.7N4T70	K00134	2614
D6.7N4T70	K00135	56
D6.7N4T70	K00137	7
D6.7N4T70	K00138	5
D6.7N4T70	K00140	8
D6.7N4T70	K00145	1849
D6.7N4T70	K00146	6
D6.7N4T70	K00147	2094
D6.7N4T70	K00148	0
D6.7N4T70	K00150	0
D6.7N4T70	K00151	4
D6.7N4T70	K00153	0
D6.7N4T70	K00154	0
D6.7N4T70	K00156	15
